<?xml version="1.0" encoding="utf-8" ?>
<dwsync>
<file name="glyphicons-halflings-regular.eot" server="www.bestingmedia.com" local="130969731600000000" remote="130969731600000000" Dst="0" />
<file name="glyphicons-halflings-regular.woff" server="www.bestingmedia.com" local="130969731600000000" remote="130969731600000000" Dst="0" />
<file name="glyphicons-halflings-regular.ttf" server="www.bestingmedia.com" local="130969731600000000" remote="130969731600000000" Dst="0" />
<file name="fontawesome-webfont.svg" server="www.bestingmedia.com" local="130969684800000000" remote="130969684800000000" Dst="0" />
<file name="fontawesome-webfont.eot" server="www.bestingmedia.com" local="131017943722183195" remote="130969684800000000" Dst="0" />
<file name="fontawesome-webfont.woff" server="www.bestingmedia.com" local="131017943722339328" remote="130969684800000000" Dst="0" />
<file name="fontawesome-webfont.ttf" server="www.bestingmedia.com" local="131017943722495635" remote="130969684800000000" Dst="0" />
<file name="fontawesome-webfont.woff2" server="www.bestingmedia.com" local="131017943723589462" remote="130969684800000000" Dst="0" />
<file name="FontAwesome.otf" server="www.bestingmedia.com" local="131017943723745592" remote="130969684800000000" Dst="0" />
</dwsync>