<?xml version="1.0" encoding="utf-8" ?>
<dwsync>
<file name="index.css" server="www.bestingmedia.com" local="130972311600000000" remote="130972311600000000" Dst="0" />
<file name="creation.css" server="www.bestingmedia.com" local="130976633400000000" remote="130976633400000000" Dst="0" />
<file name="bootstrap.css" server="www.bestingmedia.com" local="130976628000000000" remote="130976628000000000" Dst="0" />
<file name="font-awesome.css" server="www.bestingmedia.com" local="130969681800000000" remote="130969681800000000" Dst="0" />
<file name="global.css" server="www.bestingmedia.com" local="131003190000000000" remote="131003190000000000" Dst="0" />
<file name="MFYueHei_Noncommercial-Regular.otf" server="www.bestingmedia.com" local="130971270600000000" remote="130971270600000000" Dst="0" />
<file name="hardware.css" server="www.bestingmedia.com" local="130976742000000000" remote="130976742000000000" Dst="0" />
<file name="news.css" server="www.bestingmedia.com" local="130976617200000000" remote="130976617200000000" Dst="0" />
<file name="contact us.css" server="www.bestingmedia.com" local="130976617200000000" remote="130976617200000000" Dst="0" />
<file name="turn.css" server="www.bestingmedia.com" local="131017943720464395" remote="130983319800000000" Dst="0" />
</dwsync>